1,NO DRIVER'S LICENSE IN POSSESSION - 149
2,FIRST DEGREE MURDER
3,SIMPLE BURGLARY
4,ILLEGAL POSSESION OF STOLEN FIREARMS
5,ILLEGAL USE OF WEAPONS OR DANGEROUS INSTRUMENTALITIES
6,ARMED ROBBERY; USE OF A FIREARM
7,SIMPLE CRIMINAL DAMAGE TO PROPERTY
8,POSSESSION\DISTRIBUTION MANUFACTURING SCHEDULE I
9,AGGRAVATED ASSAULT
10,THEFT
11,MISDEMEANOR SEXUAL BATTERY
12,DOMESTIC ABUSE BATTERY
13,HIT & RUN/CC
14,DOMESTIC ABUSE BATTERY - STRANGULATION
15,PORNOGRAPHY INVOLVING JUVENILES
16,PENALTY FOR DISTRIBUTION OR POSSESSION WITH INTENT TO DISTRITUBE NARCOTIC DRUGS LISTED IN SCHEDULE I
17,UNAUTHORIZED ENTRY OF AN INHAB.DWELLING
18,POSSESSION OF FIREARM OR CARRYING CONCEALED WEAPON BY A PERSON CONVICTED OF CERTAIN FELONIES
19,THEFT/MISD/SHOPLIFTING/CC
20,SIMPLE BATTERY
21,THEFT OF GOODS (SHOPLIFTING)
22,RESISTING A POLICE OFFICER WITH FORCE OR VIOLENCE.
23,POSSESSION OF DRUG PARAPHERNALIA
24,FUGITIVE
25,AGGRAVATED CRIMINAL DAMAGE TO PROPERTY
26,BATT/SIMPLE/CC
27,TRESPASSING
28,SIMPLE BURGLARY - THEFT FROM MOTOR VEHICLE
29,ENTRY OR REMAINING AFTER BEING FORBIDDEN
30,POSSESSION OF MARIJUANA
31,SECOND DEGREE MURDER
32,DRINKING IN A MOTOR VEHICLE
33,BANK FRAUD
34,STALKING
35,ILLEGAL CARRYING OF WEAPONS (WITH CDS)
36,THEFT OF A MOTOR VEHICLE.
37,ASSAULT BY DRIVE BY SHOOTING
38,RESISTING AN OFFICER
39,AGGRAVATED ASSAULT WITH A FIREARM
40,THEFT OF A CATALYTIC CONVERTER OR ENGINE CONTROL MODULE
41,AGGRAVATED SECOND DEGREE BATTERY
42,MONETARY INSTRUMENT ABUSE
43,INJURING PUBLIC RECORDS
44,THEFT OF A FIREARM
45,AGGRAVATED FLIGHT FROM AN OFFICER
46,THEFT OF A MOTOR VEHICLE
47,PEEPING TOM
48,ILLEGAL CARRYING OF WEAPON
49,SIMPLE BURGLARY OF AN INHABITED DWELLING
50,ANTI-SKIMMING ACT
51,POSSESSION\DISTRBUTION MANUFACTURING SCHEDULE II
52,DOMESTIC ABUSE BATTERY - CHILD ENDANGERMENT
53,ACCESS DEVICE FRAUD
54,VIOLATION OF PROTECTIVE ORDERS
55,SIMPLE BURGLARY - ALL OTHER LARCENY
56,ILLEGAL POSSESSION OF A HANDGUN BY A JUVENILE
57,SIMPLE BURGLARY - BURGLARY/BREAKING AND ENTERING
58,SIMPLE BURGLARY/THEFT FROM MOTOR VEHICLE
59,ARMED ROBBERY
60,IDENTITY THEFT
61,INTENTIONAL EXPOSURE TO AIDS VIRUS
62,POSSESSION OF FIREARMS W/ PROTECTIVE ORDER
63,DISTURBING THE PEACE (FISTIC)
64,POSSESSION OF SCHEDULE II
65,UNAUTHORIZED ENTRY OF A PLACE OF BUS.
66,NONCONSENSUAL DISCLOSURE OF A PRIVATE IMAGE
67,DISTURBING THE PEACE; SIMPLE BATTERY
68,IMPROPER TELEPHONE COMMUNICATION/CC
69,CONTROL OF AIR POLLUTION FROM OUTDOOR BURNING (OPEN BURNING)
70,ILLEGAL TRANSMISSION OF MONETARY FUNDS
71,RECKLESS DRIVING
72,POSSESSION OF FIREARMS AT BREC PARKS
73,PROHIBITED USAGE OF TRACKING DEVICE(S)
74,IMPROPER TELEPHONE COMMUNICATION
75,THEFT/MISD/CC
76,OBSTRUCTION OF JUSTICE
77,THEFT - THEFT FROM MOTOR VEHICLE
78,THEFT OF UTILITY SERVICES
79,DISTURBING THE PEACE - SIMPLE BATTERY
80,LITTER IN PUBLIC PLACES
81,OBSTRUCTION OF JUSTICE - VANDALISM / DESTRUCTION
82,POSSESSION ALCOHOL IN VEHICLE
83,EQUIPMENT VIOL; DISPLAY OF PLATE
84,CONTEMPT OF COURT
85,UNAUTHORIZED USE OF A MOTOR VEHICLE
86,POSS MARIJUANA
87,SPEEDING/CC
88,DISCHARGE OF FIREARMS
89,SIMPLE ASSAULT
90,POSSESSION\DISTRBUTION MANUFACTURING SCHEDULE IV
91,MISREPRESENTATION DURING BOOKING
92,FIRST DEGREE ROBBERY
93,LEASED MOVABLES; OBTAINING BY FALSE REPRESENTATIONS; FAILURE TO RETURN OR SURRENDER
94,SIMPLE BATTERY OF THE INFIRM
95,U TURN LIMITATIONS/CC
96,SECOND DEGREE RAPE/VAGINAL
97,FIREARM FREE ZONE
98,CRIM DAM TO PROP/SIMPLE/CC
99,DOMESTIC ABUSE AGGRAVATED ASSAULT
100,LICENSE PLATE; SWITCHED
101,CONTRIBUTING TO THE DELINQUENCY OF JUVENILES
102,BATTERY OF A DATING PARTNER
103,(ATTEMPTED) FIRST DEGREE MURDER
104,FAILURE TO MAINTAIN CONTROL
105,CRIMINAL DAMAGE TO PROPERTY BY DEFACING WITH GRAFFITI.
106,INSURANCE REQUIRED
107,SOLICITATION ON AN INTERSTATE HIGHWAY
108,HIT AND RUN
109,BURGLARY/SIMPLE
110,THEFT - SHOPLIFTING
111,FIRST DEGREE RAPE - VICTIM UNDER 13 YEARS OF AGE
112,DRIVING ON ROADWAYS LANE FOR TRAFFIC
113,CARJACKING
114,POSSESSION SCHEDULE I
115,POSSESSION OF SCHEDULE V
116,CYBERSTALKING/ELECTRONIC MAIL
117,ILLEGAL CARRYING OF FIREARM W/ CDS
118,BATTERY OF A POLICE OFFICER
119,DISTURBING THE PEACE (INTOXICATION)
120,OPERATING A VEHICLE WHILE INTOXICATED
121,ILLEGAL USE OF 911 EMERGENCY COMMUNICATION
122,D/L NOT ON PERSON
123,SECOND DEGREE BATTERY
124,LEASED MOVABLES; OBTAINING BY FALSE REPRESENTATIONS;FAILURE TO RETURN OR SURRENDER
125,POSSESSION OF SCHEDULE III
126,"RENTED OR LEASED MOTOR VEHICLES; OBTAINING BY FALSE REPRESENTATION, ETC.; FAILURE TO RETURN"
127,AUTO THEFT RECOVERY
128,VIOLATIONS OF CONTROLLED DANGEROUS SUBSTANCES
129,SIMPLE ROBBERY
130,SIMPLE BURGLARY/BREAKING & ENTERING
131,ENTRY ON OR REMAINING IN PLACES OR ON LAND AFTER BEING FORBIDDEN - ALL OTHER OFFENSES
132,FOLLOWING TOO CLOSELY
133,RECKLESS OPERATION OF A VEHICLE
134,POSSESSION\DISTRBUTION MANUFACTURING SCHEDULE I
135,CRUELTY TO JUVENILES
136,DRIVER'S LICENSE; SUSPENDED
137,SPEEDING (1-15 MPH OVER LIMIT)
138,MAXIMUM SPEED LAW
139,VEHICULAR NEGLIGENT INJURING
140,DRAG RACING/PUB ROAD
141,THEFT - THEFT FROM BUILDING
142,POSSESSION DRUG PARAPHERNELIA
143,D/L SUSP/REV
144,"MANUFACTURE, TRANSFER, OR POSSESSION OF MACHINE GUNS"
145,FALSE IMPRISONMENT
146,MOLESTATION OF A JUVENILE
147,VIOLATIONS OF PROTECTIVE ORDERS
148,FLIGHT FROM AN OFFICER - AGGRAVATED FLIGHT FROM AN OFFICER
149,FALSE COMMUNICATION WITH THE INTENT TO CAUSE AN EMERGENCY RESPONSE
150,AGGRAVATED OBSTRUCTION OF A HIGHWAY OF COMMERCE
151,CRIMINAL MISCHIEF
152,THEFT/FELONY
153,ENTRY ON OR REMAINING IN PLACES/LAND AFTER FORBIDDEN
154,ASSAULT/ AGG FIREARM
155,"MANUFACTURE, DISTRIBUTION OR POSSESSION WITH INTENT TO DISTRIBUTE (PWID) SCHEDULE I"
156,CHILD DESERTION
157,SEXUAL BATTERY/FORCIBLE
158,RED LIGHT/DISOBEY
159,CRIMINAL DAMAGE TO PROPERTY BY DEFACING WITH GRAFFITI
160,DISTURBING THE PEACE / LANGUAGE
161,POSS/DEAL FIREARMS OBLITERATED NUMBER/MARK
162,D/L REQ/EXP
163,ILL POSS STLN THINGS/CC
164,EXPLOITATION OF THE INFIRMED
165,STOP SIGNS
166,OBSTRUCTING PUBLIC PASSAGES
167,ATTEMPTED (CODE MODIFIER)
168,CRIMINAL TRESPASS - TRESPASS OF REAL PROPERTY
169,AGGRAVATED BURGLARY
170,BURGLARY/S INHAB DWELLING
171,DISTURBING THE PEACE (INTERRUPTING A LAWFUL ASSEMBLY)
172,CONT DEL OF A JUV/CC
173,INSURANCE REQUIRED/CC
174,UNAUTHORIZED ENTRY OF A PLACE OF BUSINESS
175,"SALE, DISTRIBUTION, OR POSSESSION OF LEGEND DRUG WITHOUT PRESCRIPTION OR ORDER"
176,THIRD DEGREE RAPE/VIGINAL
177,ILLEGAL USE OF 911 EMERGENCY COMMUNICATION SYSTEM
178,"REGISTRATION CERTIFICATE, IN VEHICLE"
179,SEXUAL BATTERY - RUBBING/TOUCHING
180,"UNLAWFUL PRODUCTION, MANUFACTURING, DISTRIBUTION, OR POSSESSION OF FRAUDULENT DOCUMENTS FOR IDENTIFICATION PURPOSES"
181,IMPROPER TELEPHONE COMMUNICATIONS
182,LIC PLATE REQUIRED/CC
183,UNLAWFUL COMMUNICATIONS; IMPROPER LANGUAGE; HARASSMENT
184,HOME INVASION.
185,FORGERY
186,FORGERY MOTOR VEHICLE INSPECTION CERTIFICATE
187,ILLEGAL POSSESSION OF STOLEN THINGS
188,CHILD RESTRAINTS
189,CRIMINAL ABANDONMENT
190,DISCHARGE FIREARMS
191,CREDIT CARD FRAUD BY PERSONS AUTHORIZED
192,FIREARM/MACHINE GUN HANDLING
193,AGGRAVATED ASSAULT ON A PEACE OFFICER
194,SIMPLE ARSON
195,AGGRAVATED KIDNAPPING
196,DRUG PARAPHERNALIA
197,FLEE TO ELUDE POLICE
198,FAILURE TO REGISTER VEHICLE
199,SIMPLE POSSESSION OF MARIJUANA
200,FAIL/YIELD EMERGENCY VEH/CC
201,HIT AND RUN - SERIOUS BODILY INJURY
202,DISTURBING THE PEACE; TUMULTUOUS MANNER
203,PUBLIC DRINKING PROHIBITED
204,DISTURBING THE PEACE - FISTIC ENCOUNTER
205,GROSS LITTERING PROHIBITED
206,DIST/PEACE/INTOXICATION/CC
207,PROHIBITED ACTS; ALL SCHEDULES - FORGERY
208,CRIMINAL TRESPASS - ALL OTHER OFFENSES
209,DISTURBING THE PEACE / VIOLENT & TUMULTUOUS MANNER
210,CRIMINAL MISCHIEF - TRESPASS / OCCUPATION OF A BUSINESS
211,DISTURBING THE PEACE; INTOXICATION
212,HATE CRIMES
213,POSSESSION OF FIREARM BY FELON
214,LITTERING PROHIBITED
215,ILLEGAL CARRYING OF WEAPON (WITH CDS)
216,ILLEGAL CARRYING OF WEAPONS
217,CRIMINAL MISCHIEF - THROWING ROCKS/DANGEROUS OBJECTS
218,SIMPLE BURGLARY/IMMOVEABLE
219,DISTURBING THE PEACE / FISTIC
220,CRIMINAL MISCHIEF - DRIVING NAILS INTO TREES
221,THEFT OF MOTOR VEHICLE
222,FALSE CERTIFICATES
223,AGGRAVATED BATTERY
224,UNAUTHORIZED ENTRY OF AN INHABITED DWELLING
225,MVI REQUIRED
226,SWITCHED LICENSE PLATE
227,ILLEGAL USE OF WEAPON
228,BATTERY OF A DATING PARTNER - DANGEROUS WEAPON
229,POSSESSION OF SCHEDULE IV
230,DISTURBING THE PEACE (TUMULTUOUS MANNER)
231,OBSCENITY
232,FLIGHT FROM AN OFFICER
233,STOP SIGN
234,LICENSE PLATE REQUIRED
235,SEXUAL ACTS PROHIBITED IN PUBLIC
236,FIRST DEGREE RAPE - ANAL
237,CARELESS DRIVING
238,PURCHASE AND PUBLIC POSSESSION OF ALCOHOLIC BEVERAGES; EXCEPTIONS; PENALTIES
239,NEGLIGENT INJURING
240,REQUIRED METHOD OF TURNING AT INTERSECTIONS
241,PURCH/POSS ALCOHOL FOR MINOR
242,HANDLING OF MACHINE GUNS
243,POSSESSION OF SYNTHETIC CANNABINOID
244,PROOF OF INSURANCE REQUIRED
245,CRIMINAL MISCHIEF - FALSE REPORT OF A CRIME
246,MISREP OF AGE TO OBTAIN ALCOHOLIC BEV
247,DRIVER'S LICENSE REQUIRED
248,ACCESS DEVICE FRAUD - COUNTERFEITING/FORGERY
249,THEFT/MISDEMEANOR
250,DOMESTIC ABUSE AGGRAVATED ASSAULT - CHILD ENDANGERMENT
251,POSS OF A FIREARM WITH CDS
252,TERRORIZING
253,CRUELTY TO THE INFIRM
254,ASSAULT - ATTEMPT TO COMMIT BATTERY
255,UNAUTHORIZED USE OF A MOVABLE
256,NO PROOF OF INSURANCE
257,DOMESTIC ABUSE BATTERY - DANGEROUS WEAPON USED
258,TELEPHONE COMMUNICATIONS; IMPROPER LANGUAGE;HARASSMENT
259,CRIMINAL DAMAGE TO PROPERTY BY DEFACING WITH GRAFITTI
260,SIMPLE BURGLARY/MOVEABLE
261,MISDEMEANOR CARNAL KNOWLEDGE OF A JUVENILE
262,CRIMINAL MISCHIEF - DEPRIVING USE OR ACCESS TO PROPERTY
263,OPERATING VEHICLE WHILE UNDER SUSPENSION
264,POSSESSION OF HYPODERMIC NEEDLES AND SYRINGES
265,MURDER/GUN 1ST DEGREE
266,EXTORTION
267,DISOBEY RED LIGHT
268,CRIMINAL TRESPASS
269,DRIVER'S LICENSE; POSSESSION
270,VEH TRESPASS
271,PURCHASE AND PUBLIC POSSESSION OF ALCOHOLIC BEVERAGES
272,DOMESTIC ABUSE BATTERY - PREGNANT VICTIM
273,SECOND DEGREE ROBBERY
274,"BATTERY OF EMERGENCY ROOM PERSONNEL, EMERGENCY SERVICES PERSONNEL, OR A HEALTHCARE PROFESSIONAL"
275,CARRYING A FIREARM ON SCHOOL PROPERTY/FUNCTION
276,SECOND DEGREE KIDNAPPING - KIDNAPPING/ABDUCTION
277,FAILURE TO YIELD ON LEFT TURN  -  149
278,DISTURBING THE PEACE; OFFENSIVE NOISES
279,MISD THEFT
280,IMPROPER DISPLAY OF LICENSE PLATE
281,PROSTITUTION
282,VIOLATIONS OF REGISTRATION PROVISIONS
283,(ATTEMPTED) SECOND DEGREE MURDER
284,BATTERY OF A DATING PARTNER - STRANGULATION
285,SERVE/ALC TO PERSON UNDER 21/CC
286,BURG/S/INH DWEL RES DAY FORCE
287,DRINKING IN A MOTOR VEHICLE/CC
288,FIRST DEGREE RAPE-VICTIM UNDER 13 YRS OF AGE
289,"RENTED OF LEASED MOTOR VEHICLES; OBTAINING BY FALSE REPRESENTATION, ETC.; FAILURE TO RETURN"
290,ASSAULT ON A SCHOOL TEACHER
291,DISTURBING THE PEACE (OFFENSIVE NOISES)
292,WINDOW TINT VIOLATION
293,PUBLIC DRINKING PROHIBITED (OPEN CONTAINER) /CC
294,DOMESTIC ABUSE BATTERY - PREGNANT
295,SEAT BELT VIOL
296,EQUIPMENT VIOLATION
297,NONCONSENTUAL DISCLOSURE/PRIVATE IMAGE - INTIMIDATION
298,POSSESSION OF SCHEDULE I
299,THIRD DEGREE RAPE/VAGINAL
300,STOPPING VEH IN ROADWAY
301,THEFT OF DOGS
302,DIST/PEACE/OFFENSIVE NOISES/CC
303,ACCESS DEVICE FRAUD/COUNTERFEITING/FORGERY
304,PURSE SNATCHING
305,INDECENT BEHAVIOR WITH JUVENILES
306,OBSTRUCTION OF JUSTICE - EVIDENCE TAMPERING
307,ISS WORTHLESS CHECKS/CC
308,VIDEO VOYEURISM
309,UNLAWFUL POSTING OF CRIMINAL ACTIVITY FOR NOTORIETY AND PUBLICITY
310,ILLEGAL POSSESSION OF STOLEN FIREARMS
311,BATTERY OF A DATING PARTNER - CHILD ENDANGERMENT
312,IMPROPER EQUIPMENT
313,VEHICLE LICENSE REQUIRED
314,VEHICULAR TRESPASS
315,UNAUTHORIZED USE OF ACCESS CARD AS THEFT
316,AGGRAVATED ASSAULT OF A DATING PARTNER
317,CRIMINAL MISCHIEF - THROWING ROCKS / DANGEROUS OBJECTS
318,LIC PLATE REQUIRED/STATE
319,CARNAL KNOW OF JUV
320,FIRST DEGREE RAPE/VAGINAL
321,POSSESSION OF HEROIN
322,NEGLIGENT HOMICIDE
323,CONTRIBUTING TO THE ENDANGERMENT OF A MINOR
324,THEFT - THEFT FROM COIN-OPERATED DEVICE
325,BATT/DOM ABU CHILD ENDANGER/MISD
326,DOMESTIC ABUSE BATTERY � DANGEROUS WEAPON
327,ACCESS DEVICE FRAUD/FALSE PRETENSES/SWINDLE/ CONFIDENCE GAME
328,MURDER/GUN 2ND DEGREE
329,POSSESSION OR DEALING IN UNREGISTERED OR ILLEGALLY TRANSFERRED WEAPONS
330,CRIM DAM TO PROP/AGG
331,CYBERBULLYING - THREATS / INTIMIDATION
332,SIMPLE OBSTRUCTION OF A HIGHWAY OF COMMERCE
333,FELON IN POSS F/ARM
334,MISDEMEANOR SEXUAL BATTERY/RUBBING/TOUCHING
335,DRIVER MUST BE LICENSED
336,"BATTERY OF EMERGENCY ROOM, EMERGENCY SERVICES, OR HEALTHCARE PERSONNEL"
337,PUBLIC CONTRACT FRAUD
338,COMMUNICATING OF FALSE INFORMATION OF PLANNED ARSON
339,ASSAULT ON A SCHOOL TEACHER BY STUDENT
340,CARNAL KNOWLEDGE OF A JUVENILE
341,THIRD DEGREE RAPE
342,FAILURE TO SEEK ASSISTANCE
343,SECOND DEGREE CRUELTY TO JUVENILES
344,REFUND OR ACCESS DEVICE APPLICATION
345,LITTER FROM VEHICLES
346,ISSUING WORTHLESS CHECKS
347,ACCESS DEVICE FRAUD - FALSE PRETENSES/SWINDLE
348,FIRST DEGREE RAPE - VAGINAL
349,DIST/PEACE/FISTIC ENCOUNTER/CC
350,ASSAULT/SIMPLE/CC
351,GENERAL SPEED LAW
352,LOOTING
353,DISTRIBUTION OF SCHEDULE II - FENTANYL W/ CERTAIN CHARACTERISTICS
354,HOME INVASION
355,FIRST DEGREE VEHICULAR NEGLIGENT INJURING
356,WARRANT OF ARREST ON INDICTMENT OR INFORMATION
357,TRESPASSING ON BREC PARKS
358,REGISTRATION; COMMERCIAL VEHICLES; EXEMPTION
359,JUVENILE UNGOVERNABLE
360,LOUDSPEAKERS AND AMPLIFIERS
361,URINATING IN PUBLIC/CC
362,FIRST DEGREE RAPE/ANAL
363,FIRST DEGREE RAPE/ORAL
364,ABAND/INOPERATIVE VEHICLE/CC
365,SEAT BELT VIOL/CC
366,REQ TAIL LAMPS
367,FLIGHT FROM AN OFFICER - AGGRAVATED FLIGHT FROM AN
368,SEXUAL BATTERY OF THE INFIRMED
369,NOISES INTERFERING WITH THE ENJOYMENT OF PROPERTY OR PUBLIC PEACE AND COMFORT
370,FALSE IMPRISONMENT/CC
371,ENT/REM AFTER FORB/CC
372,SPEEDING (16-20 MPH OVER LIMIT)
373,UNAU USE OF MOTOR VEHICLE
374,RESIDENTIAL CONTRACTOR FRAUD
375,DRAG RACING/PUB ROAD/CC
376,FALSE IMPERSONATION OF A POLICE OFFICER
377,VEHICLES W/O REQUIRED EQUIP./UNSAFE VEHICLE
378,FALSE IMPRISONMENT WITH DANGEROUS WEAPON
379,DOMESTIC ABUSE BATTERY � DANGEROUS WEAPON WITH SERIOUS BODILY INJURY
380,ILLEGAL USE OF CONTROLLED DANGEROUS SUBSTANCES IN THE PRESENCE OF PERSON UNDER SEVENTEEN YEARS OF AGE
381,(ATTEMPTED)DISARMING A PEACE OFFICER
382,PROHIBITED ACTS
383,CRIMINAL ABORTION BY MEANS OF ABORTION-INDUCING DRUGS
384,CLINGING TO MOVING VEHICLES
385,POSSESSION OF FIREARM BY A PERSON CONVICTED OF DOMESTIC ABUSE BATTERY
386,FRAUDULENT ACQUISITION OF A CREDIT CARD
387,FIRST DEGREE RAPE
388,FIREARM-FREE ZONE; NOTICE; SIGNS
389,RESISTING AN OFFICER - REFUSAL TO GIVE NAME OR MAKE IDENTITY KNOWN
390,DIST THE PEACE/CC
391,DISTURBING THE PEACE - VIOLENT OR TUMULTUOUS MANNER
392,"ENCOURAGING OR CONTRIBUTING TO CHILD DELINQUENCY, DEPENDENCY, OR NEGLECT"
393,"OBSTRUCTION OR INTERFERENCE WITH MEMBERS OF STAFF,FACULTY, OR STUDENTS OF EDUCATIONAL INSTITUTIONS; TRESPASS,DAMAGE TO PROPERTY;FELONY;"
394,DRINKING/ MOTOR VEHICLE (OPEN CONTAINER) /CC
395,AGGRAVATED ESCAPE
396,EXPIRED DRIVER'S LICENSE
397,FOLLOWING TOO CLOSE
398,ILL USE OF A WEAPON
399,SAFETY BELT REQUIRED
400,UNLAWFUL CONSUMPTION OF ALCOHOLIC BEVERAGES BY PERSONS UNDER TWENTY-ONE YEARS OF AGE
401,TRESPASS
402,IMPROPER SUPERVISION OF A MINOR BY PARENT OR LEGAL CUSTODIAN; PENALTY
403,SIGNAL LAMPS AND SIGNAL DEVICES
404,PROSTITUTION; PERSONS UNDER SEVENTEEN; ADDITIONAL OFFENSES
405,SIMPLE KIDNAPPING
406,RAPE AND SEXUAL BATTERY/VAGINAL
407,IMPROPER LANE USAGE
408,VEHICLE ENTERING STOP OR YIELD INTERSECTION
409,"ROBBERY,ARMED"
410,UNLAWFUL DISRUPTION OF THE OPERATION OF A SCHOOL; PENALTIES
411,DISTURBING THE PEACE /UNLAWFUL ASSEMBLY
412,VAGRANCY/CC
413,THEFT - EMBEZZLEMENT
414,FIRST DEGREE FETICIDE
415,LEASED MOVEABLE/FAILURE TO RETURN
416,POSSESSION OF UNIDENTIFIABLE FIREARM; PARTICULARPENALTIES; IDENTIFICATION OF SOURCE OF FIREARM
417,ROBB/SIMPLE
418,DOMESTIC ABUSE BATTERY - SERIOUS BODILY INJURY
419,CRIMINAL MISCHIEF - TRESPASS/OCCUPATION OF A BUSINESS
420,NO PROOF OF INS
421,DOMESTIC ABUSE BATTERY/CC
422,POSSESSION OF FIREARM ON PREMISES OF ALCOHOLIC BEVERAGE OUTLET
423,"MANUFACTURE, DISTRIBUTION OR POSSESSION WITH INTENT TO DISTRIBUTE (PWID) SCHEDULE II"
424,DRAG RACING ON PUBLIC ROADS AND VEHICULAR STUNT ACTIVITIES PROHIBITED
425,DOMESTIC ABUSE BATTERY � SERIOUS BODILY INJURY
426,CYBERBULLYING
427,RESISTING AN OFFICER/CC
428,AGGRAVATED ARSON
429,FAIL MAIN CONTROL/CC
430,RIGHT OF WAY/FAIL TO YIELD
431,CARLESS OPERATIONS
432,JUVENILE CURFEW VIOLATION
433,MANSLAUGHTER
434,DOMESTIC ABUSE AGG ASSAULT - CHILD ENDANGERMENT
435,TRANSACTIONS INVOLVING PROCEEDS FROM DRUG OFFENSES.
436,FAIL MAIN CONTROL (CARELESS OPERATION)
437,STOP SIGN/YIELD SIGN/CC
438,WARRANT/BENCH WARRANT
439,TAIL LAMPS REQUIRED
440,BATTERY OF A DATING PARTNER - DANGEROUS WEAPON/SERIOUS BODILY INJURY
441,INTERFERENCE WITH AN OFFICER
442,POSSESSION\DISTRBUTION MANUFACTURING SCHEDULE III
443,EQUIPMENT VIOL/CC
444,DRINKING IN PUBLIC/CC
445,ADULTERATING A FOOD PRODUCT
446,DIST/MANF SCH1 DRUG
447,TRAFFIC LANE USAGE
448,ILLEGAL CARRYING AND DISCHARGE OF WEAPONS
449,PURCH/POSS ALC PERS UNDER 21/CC
450,FAIL TO REG VEH
451,EXPIRED REGISTRATION
452,POSSESSION\DISTRBUTION MANUFACTURING SCHEDULE V
453,THEFT OF UTILITY SERVICE/CC
454,MAXIMUM SPEED LIMIT
455,ROBBERY/FIREARM - ADDITIONAL PENALTIES
456,INTERFERENCE WITH A LAW ENFORCEMENT INVESTIGATION
457,SEXTING (UNDER 17)
458,CRUELTY TO ANIMALS - SIMPLE
459,MAIL THEFT
460,MONETARY INSTRUMENT ABUSE AND PROVIDES DEFINITIONS AND ELEMENTS
461,ROBB/1ST DEGREE
462,DRIVERS LICENSE NOT ON PERSON
463,SAFETY HELMET REQUIRED
464,COMPUTER AIDED SOLICITATION OF A MINOR.
465,FRAUDULENT FIREARM AND AMMUNITION PURCHASE
466,INTERFERING WITH EMERGENCY COMMUNICATION
467,LOADS OF LOOSE MATERIALS ON VEHICLES
468,COMMUNICATING OF FALSE INFORMATION OF PLANNED BOMBING ON SCHOOL PROPERTY
469,RESISTING A POLICE OFFICER WITH FORCE OR VIOLENCE
470,FALSE COMMUNICATIONS WITH NO EMERGENCY RESPONSE
471,SIMPLE ESCAPE; AGGRAVATED ESCAPE
472,MVI REQUIRED/EXPIRED
473,DISARMING A PEACE OFFICER
474,IMPROPER LEFT TURN
475,DUMPING
476,IMPROPER RIGHT TURN
477,OBEDIENCE TO AND REQUIRED TRAFFIC CONTROL DEVICES
478,MOTORCYCLE; EYE PROTECTION
479,STOP SIGNS AND YIELD SIGNS
480,ENTRY ON OR REMAINING IN PLACES OR ON LAND AFTER BEING FORBIDDEN - TRESPASS
481,HEADLIGHTS REQUIRED
482,DOMESTIC ABUSE BATTERY - DANGEROUS WEAPON
483,IMPROPER WINDOW TINT/CC
484,"HEADLAMPS, WHEN REQUIRED"
485,RED LIGHT/DISOBEY/CC
486,CRUELTY TO JUVENILES - MINOR INJURIES
487,INTERFERENCE WITH THE CUSTODY OF A CHILD
488,LOUD MUSIC FROM VEHICLE
489,IMPROPER SUPERVISION/JUV
490,HUNTING OR DISCHARGE OF FIREARMS WHEN PROHIBITED
491,ASSAULT ON A CHILD WELFARE WORKER.
492,SECOND DEGREE KIDNAPPING
493,CRIM DAM TO PROP/SIMPLE
494,OBSTRUCTION OF JUSTICE - COUNTERFEITING / FORGERY
495,D/L NOT IN POSS/CC
496,ORGANIZED RETAIL THEFT
497,LITTERING (CC)
498,CONTRACTORS; MISAPPLICATION OF PAYMENTS PROHIBITED
499,URINATING IN PUBLIC
500,POSSESSION OF LEGEND DRUG WITHOUT PRESCRIPTION OR ORDER
501,PROHIBITED ACTIVITIES AND SANCTIONS - FRAUDULENT INSURANCE ACT
502,"MOTOR VEHICLE, ALTERATION OR REMOVAL OF IDENTIFYING NUMBERS"
503,NOISE ORDINANCE-AMPLIFIED 50FT
504,UNLAWFUL ENTRY ONTO PREMISES
505,FALSE IMPRISONMENT; OFFENDER ARMED WITH DANGEROUS WEAPON
506,SIMPLE ESCAPE
507,IMPROPER SUPERVISION OF A MINOR BY PARENT OR LEGAL CUSTODIAN
508,OBSTRUCTION OF DRIVERS VISION
509,THIRD DEGREE RAPE/ORAL
510,OBSTRUCTION OF JUSTICE - THEFT
511,THEFT OF TRAILER
512,"RITUALISTIC ACTS-SEXUAL MUTILATION, DISMEMBERMENT, TORTURE-SEXUAL ASSAULT WITH AN OBJECT"
513,INSTITUTIONAL VANDALISM
514,POSSESSION OF HYPODERMIC NEEDLE
515,PORNO INVOLVING JUV
516,VIOL OF PROTECTIVE ORDERS
517,FLEE TO ELUDE POLICE/CC
518,UNAUTHORIZED REMOVAL OF A MOTOR VEHICLE
519,UNAUTHORIZED USE OF FOOD STAMPS
520,BATTERY OF EMERGENCY ROOM PERSONNEL
521,THEFT OF A CATALYTIC CONVERTER
522,DIST/PEACE/TUMULTUOUS MANNR/CC
523,REGISTRATION EXPIRED
524,TRESPASS/SCHOOL GRND
525,BATT/AGG OTHER DANGER WEAPON
526,DAMAGE TO PROPERTY
527,HOME IMPROVEMENT FRAUD.
528,"MANUFACTURE, DISTRIBUTION OR POSS WITH INTENT TO DISTRIBUTE (PWID) SCHEDULE IV"
529,DISTURBING THE PEACE / DRUNKENNESS
530,CRIMINAL STREET GANGS AND PATTERNS OF CRIMINAL STREET GANG ACTIVITY
531,COMPUTER TAMPERING
532,VIOLATION OF FIRE MARSHAL'S ORDERS
533,PERPETRATION OR ATTEMPTED PERPETRATION OF CERTAIN CRIMES OF VIOLENCE AGAINST A VICTIM 65 YEARS OF AGE OR OLDER.
534,RED LIGHT
535,SECOND DEGREE RAPE/ANAL
536,ILLEGAL USE OF COUNTERFEIT TRADEMARK
537,CHILD PASSENGER RESTRAINT SYSTEM
538,AGGRAVATED KIDNAPPING OF A CHILD
539,"LEASED VEH,FAILURE TO RETURN"
540,ILLEGAL POSSESSION WEAPONS (BURGLARY TOOLS)
541,ISS WORTHLESS CHECKS
542,SECOND DEGREE RAPE/ORAL
543,CRUELTY TO ANIMALS
544,OBSTRUCTION OF JUSTICE - BURGLARY
545,RECK OPER OF VEHICLE/CC
546,SECOND DEGREE RAPE - VAGINAL
547,COMPUTER FRAUD
548,COUNTERFEITING OR POSSESSING COUNTERFEIT LABELS PROHIBITED
549,D W I /CC
550,FAILURE TO SIGNAL WHEN STOPPING
551,SEATBELT
552,HIT AND RUN - VEHICULAR HOMICIDE/INJURING
553,POSS SCH 1 DRUGS
554,FRAUDULENT IDENTIFICATION DOCUMENTS
555,INCITING A FELONY
556,IMPROPER LANE USAGE/CC
557,ORGANIZED RETAIL THEFT.
558,BATTERY OF A SCHOOL TEACHER
559,BURG/AUTO OVER $200
560,UNAUTHORIZED REMOVAL OF SHOPPING CARTS
561,PENALTY FOR DISTRIBUTION OR POSSESSION WITH INTENT TO DISTRIBUTE NARCOTIC DRUGS LISTED IN SCHEDULE I
562,FILING FALSE PUBLIC RECORDS
563,PUBLIC PAYROLL FRAUD
564,CRIMINAL MISCHIEF - FALSE FIRE ALARM
565,BATTERY OF A DATING PARTNER - SERIOUS BODILY INJURY
566,THEFT OVER $200 ALL OTHER
567,TRAFFIC-CONTROL SIGNALS
568,BURG/AUTO $50 - $200
569,ORAL SEXUAL BATTERY
570,EMERGENCY VEHICLES; EXCEPTIONS
571,SIMPLE BURGLARY/STRUCTURE
572,OFF ROAD VEHICLE USE ON HIGHWAY
573,DRIVING OVER PRIVATE PROPERTY
574,BATT/AGG 2ND DEGREE
575,FRAUDULENT REMUNERATION - FALSE PRETENSES/SWINDLE
576,DAMAGE TO PROPERTY WITH INTENT TO DEFRAUD
577,MISSING PERSON - ADULT
578,FAIL REPORT ACCIDENT/CC
579,VEHICULAR HOMICIDE
580,LIMITATIONS ON PASSING ON THE LEFT
581,FAIL TO SIGNAL
582,POSS MARIJUANA 14 GRAMS OR LESS
583,MISREPRESENT AGE TO OBTAIN ALCOHOL BEV/GAIN ENTRY
584,PEDSESTRIANS PROHIBITED FROM WALKING ON EXPRESSWAYS
585,ABANDONDED/INOPERATIVE VEHICLE
586,FAIL TO LEAVE PREM
587,FALSE PERSONATION
588,THREATENING A PUBLIC OFFICIAL
589,OTHER LAWS OF THE ROAD
590,RAPE/AGGRAVATED
591,POSSESSION OF ALCOHOLIC BEVERAGES IN MOTOR VEHICLES
592,BATT/AGG GUN
593,OPEN BURNING
594,SALE/POSSESSION OF LEGEND DRUG
595,AIDING AND ABETTING OTHER TO ENTER OR REMAIN ON PREMISES WHERE FORBIDDEN
596,DRIVING ON ROADWAY LANED FOR TRAFFIC (IMPROPER LANE USE)
597,OTHER LAWS OF THE ROAD/CC
598,ILL POSS STOLEN F/ARM
599,BATT/2ND DEGREE
600,"TAMPERING WITH SURVEILLANCE, ACCOUNTING, INVENTORY, OR MONITORING SYSTEMS"
601,ONLINE IMPERSONATION - THREATS / INTIMIDATION
602,PARKING WHERE PROHIBITED/CC
603,AIDING TO REMAIN ON PREMISES/CC
604,CARRYING OF FIREARM OR DANGEROUS WEAPON IN FIREARM FREE ZONE
605,AGGRAVATED BURGLARY/BURGLARY
606,VIOLATION OF PROB & PAROLE
607,BATTERY OF A DATING PARTNER - PREGNANT
608,"NO LIABILITY INSURANCE, CRIMINAL SANCTIONS"
609,FLEEING OR ATTEMPTING TO ELUDE A POLICE OFFICER
610,HEADLIGHTS REQUIRED/CC
611,FOLLOWING TOO CLOSE/CC
612,BRAKES REQUIRED
613,MODIFICATION OF EXHAUST SYSTEMS
614,JUVENILE CURFEW VIOLATION/CC
615,DISTURBING THE PEACE / SIMPLE ASSAULT
616,ASSAULT/AGG/CC
617,THEFT - POCKET PICKING
618,INSPECTION STICKER REQUIRED
619,UNLAWFUL DISRUPTION OF THE OPERATION OF A HEALTHCARE FACILITY
620,FALSE MVI
621,POSS ALC/BREC PARKS/CC
622,DRIVER'S LICENSE
623,RESISTING AN OFFICER - REFUSAL TO GIVE NAME / IDENTIFICATION
624,COMPUTER ADDED SOLICITATION OF A MINOR.
625,"FAILURE TO SIGNAL (START, STOP, TURN)"
626,CRUELTY TO ANIMALS - AGGRAVATED
627,ASSAULT BY DRIVE-BY SHOOTING
628,OBEDIENCE TO POLICE AND FIRE DEPARTMENT OFFICIALS
629,HEADLAMPS; WHEN LOW BEAMS REQUIRED
630,FAILURE TO TRANSFER REGISTRATION CERTIFICATES
631,OBSTRUCTION OF COURT ORDERS
632,PEEPING TOM/CC
633,ABUSE AND NEGLECT OF ADULTS
634,NOISE ORDINANCE/CC
635,KEEPING A DISORDERLY PLACE
636,TAIL LAMP/LICENSE PLATE
637,AGGRAVATED ASSAULT OF A DATING PARTNER - CHILD ENDANGERMENT
638,NEGLIGENT CARRYING OF A CONCEALED HANDGUN
639,POSSESSION FIREARMS WITH OBLITERATED NUMBERS
640,DISTURBING THE PEACE - DRUNKENNESS
641,RECKLESS OPERATION OF AN OFF-ROAD VEHICLE
642,INTENTIONAL LITTERING PROHIBITED
643,INTIMIDATING WITNESS
644,UNAUTHORIZED REMOVAL OF A MOTORVEHICLE
645,VIOLATION OF DRUG FREE ZONE
646,DRIVING WHILE INTOXICATED - ALCOHOL AND DRUGS
647,DISTURBING THE PEACE; FISTIC ENCOUNTER
648,SPEEDING (21-30 MPH OVER LIMIT)
649,"MASKS OR HOODS, WEARING IN PUBLIC PLACES PROHIBITED"
650,STOP LAMPS AND TURN SIGNALS REQUIRED ON MOTOR VEHICLES
651,D/L CLASS RESTRICTION
652,CLANDESTINE LAB
653,SPEEDING (31 MPH OR MORE OVER LIMIT)
654,USE OF LASER POINTER
655,"OPERATE OR PERMIT OPERATION OF SOUND AMPLIFICATION SYSTEM, THAT PRODUCES LOUD SOUND"
656,FAILURE TO TRANSFER REGISTRATION
657,DIST/PEACE
658,ILL USE OF 911
659,POSSESSION OF UNREGISTERED OR ILLEGALLY TRANSFERRED WEAPONS
660,SECOND DEGREE SEXUAL BATTERY : AGGRAVATED WITH SERIOUS INJURY/RUBBING/TOUCHING
661,FAIL TO DIM HEADLIGHTS
662,FALSE IMPERSONATION OF A PEACE OFFICER OR FIREFIGHTER
663,ATTEMPT
664,RECKLESS OPERATION OF AN OFFROAD VEHICLE
665,DISPLAY OF TEMPORARY LICENSE PLATE
666,METHOD OF GIVING HAND AND ARMS SIGNALS
667,CUT ACROSS PRIV PROP
668,DWI - CHILD ENDANGERMENT
669,PROFANITY PROHIBITED
670,SOLICITATION FOR MURDER
671,DWI (CC) CHILD ENDANGERMENT LAW
672,INCITING TO RIOT
673,TRAFFIC CONTROL SIGNALS
674,ASSAULT/AGG DATING PARTNER
675,DRAG RACING; RACING ON PUBLIC ROADS; AND VEHICULAR STUNT ACTIVITIES PROHIBITED
676,INTIMIDATING
677,INTERFERENCE WITH FIRST RESPONDER
678,OPERATING A VEHICLE UNDER SUSPENSION FOR CERTAIN PRIOR OFFENSES
679,SPEEDING
680,PUBLIC INTIMIDATION
681,PET OWNER'S RESPONSIBILITY/CC
682,NOISES INTERFERING WITH ENJOYMENT OF PROPERTY OR PUBLIC PEACE AND COMFORT
683,HEADLAMPS; WHEN LOW BEAM REQUIRED
684,TERRORISM - AGGRAVATED CRIMINAL DAMAGE TO PROPERTY
685,"THEFT OVER $25,000"
686,POSS OF DRUG PARAPHERNALIA (OLD)
687,RECK OPER OF VEHICLE
688,IMPROPER LANE USAGE /CC
689,"CONTRABAND DEFINED, TAKING TO AND FROM PENAL INSTITUTIOINS"
690,BURG/S RES UNK FORCE
691,POSSESSION OR SALE OF PYROTECHNICS
692,OBSTRUCTION OF JUSTICE - AGGRAVATED ASSAULT
693,IMPROPER BACKING
694,AGGRAVATED ASSAULT UPON A DATING PARTNER
695,FICTITIOUS PLATE
696,D/L FAIL CHG ADDRESS /CC
697,FORGERY OF A MOTOR VEHICLE INSPECTION
698,LICENSE PLATE LAMP REQUIRED
699,THIRD DEGREE RAPE/ANAL
700,BICYCLES; FRONT LAMPS; REAR LAMPS; SIDE AND REAR REFLECTORS
701,RAPE/FORCIBLE SIMPLE
702,SECOND DEGREE RAPE/FORCIBLE
703,SMOKING IN MOTOR VEHICLES PROHIBITED; PENALTIES
704,DRIVING TOO FAST FOR CONDITIONS
705,FIRST DEGREE RAPE - ORAL
706,UNLAWFUL USE OF BODY ARMOR
707,MALFEASANCE IN OFFICE
708,"UNLAWFUL PRODUCTION, MANUFACTURE, DISTRIBUTION, OR POSSESSION OF HALLUCINOGENIC PLANTS."
709,"THEFT OVER $1,000"
710,SECOND DEGREE RAPE - ORAL
711,RAPE/SIMPLE (VAGINAL)
712,PUBLIC INTIMIDATION AND RETALIATION
713,"UNLAWFUL SALE, PURCHASE, AND POSSESSION OF ALCOHOLIC BEVERAGES"
714,THEFT OR CRIMINAL ACCESS OF AN AUTOMATED TELLER MACHINE
715,HIT & RUN
716,JUSTIFIABLE HOMICIDE
717,DISOBEY POLICE OFF/CC
718,TERRORISM
719,UNLAWFUL POSTING OF CRIMINAL ACTIVITY FOR NOTORIETY AND PUBLICITY.
720,PROOF OF INSURANCE REQ
721,THEFT OF LIVESTOCK
722,CHILD RESTRAINT REQUIRED
723,THEFT $50-$200 ALL OTHER
724,BATT/SEXUAL
725,HUMAN TRAFFICKING
726,DISPLAY OF TEMPORARY REGISTRATION LICENSE PLATES
727,ASSAULT ON A CHILD WELFARE WORKER
728,D W I
729,THEFT AUTO/RECOVERY ONLY
730,OPERATING WHILE INTOXICATED; FIRST OFFENSE
731,MISREPRESENTATION DURING ISSUANCE OF A MISDEMEANOR SUMMONS OR PREPARATION
732,PROHIBITED ACTS; ALL SCHEDULES - FALSE PRETENSES
733,DISTURBING THE PEACE - LANGUAGE
734,CHILD RESTRAINT REQ
735,ENTRY ON OR REMAINING IN PLACES OR ON LAND AFTERBEING FORBIDDEN
736,OBEDIENCE TO POLICE OFFICERS
737,SEXUAL ABUSE OF AN ANIMAL - ENGAGING IN ABUSE
738,BURG/S/IN/DWEL/RES DAY NOFORCE
739,SIMPLE ESCAPE (WORK RELEASE)
740,SECOND DEGREE RAPE
741,AGGRAVATED ARSON - INHABITED
742,SIMPLE BATTERY OF A CHILD WELFARE WORKER
743,THEFT OVER $200 FROM AUTO
744,CLANDESTINE LABORATORY UNLAWFUL MANUFACTURE OF A CDS
745,TRANSACTIONS INVOLVING PROCEEDS FROM DRUG OFFENCES.
746,ILL CARRYING WEAPON
747,USE OF CERTAIN WIRELESS TELECOMMUNICATIONS DEVICES BY CERTAIN DRIVERS PROHIBITED
748,UNLAWFUL USE OF A CELLULAR TRACKING DEVICE
749,DUTY OF OFFENDER TO NOTIFY LE CHANGE OF ADDRESS
750,SEXUAL BATTERY - SEXUAL ASSUALT WITH AN OBJECT
751,DANGEROUS OR VICIOUS DOG
752,TRAFFICKING OF CHILDREN FOR SEXUAL PURPOSES
753,INSURANCE FRAUD
754,ADDITIONAL PENALTIES
755,ILL/POSS OF HANDGUN BY JUV
756,AGGRAVATED BATTERY OF A DATING PARTNER - CHILD ENDANGERMENT
757,RIOT
758,NONCONSENSUAL DISCLOSURE OF PRIVATE IMAGES
759,BURG/AUTO UNDER $50
760,MVI EXPIRED
761,IMPROPER TELEPHONE COMM
762,SIMPLE ASSAULT WITHOUT A DANGEROUS WEAPON
763,SPECIAL IDENTIFICATION CARDS
764,OPERATING WHILE INTOXICATED; SECOND OFFENSE
765,ABUSE OF CHILDREN; MISSING OR ABUSED CHILDREN; REPORTS;IMMUNITY; CENTRAL REGISTRY; INVESTIGATIONS; DEFINITIONS; WAIVER OF PRIVILEGE
766,THEFT/IDENTITY
767,OBEY STOP SIGNS
768,HUMAN TRAFFICKING-FRAUD. FORCE OR COERCION
769,OBSTRUCTING A FIREMAN
770,CARRYING A FIREARM ON SCHOOL PROPERTY
771,TERRORIZING/CC
772,RAPE/FORCIBLE (VAGINAL)
773,COMPUTER-AIDED SOLICITATION OF A MINOR
774,REGISTRATION CERTIFICATES TO BE IN VEHICLE
775,SOLICITATION FROM ROADWAY
776,IMPROPER WINDOW TINT
777,SIMPLE BATTERY OF A DATING PARTNER - MINOR INJURY BURNING
778,UNLAWFUL SALES OR SERVING TO PERSONS UNDER TWENTY-ONE
779,MVI REQUIRED/CC
780,ENT/REM AFTER FORB
781,UNLAWFUL SALES TO PERSONS UNDER TWENTY-ONE
782,SECOND DEGREE SEXUAL BATTERY/AGGRAVATED
783,DRUG PARAPHENALIA
784,INTIMIDATION AND INTERFERENCE IN THE OPERATION OF SCHOOLS
785,DISTURBING THE PEACE
786,DISTURBING THE PEACE / INTERRUPTION OF LAWFUL ASSEMBLY
787,SECOND DEGREE KIDNAPPING; INJURE/SEX ABUSE
788,POSSESSION OF WEAPONS WHERE ALCOHOLIC BEVERAGES ARE SOLD AND/OR CONSUMED
789,DISOBEY CONTROL DEV/CC
790,POSS MARIJUANA/CC
791,CRIMINAL MISCHIEF - THREATS TO WATER SUPPLY OR WATER COMPANY
792,ASSAULT/DRIVE-BY SHOOTING
793,MOLESTATION OF JUV
794,SPEEDING IN A SCHOOL ZONE
795,BATT/SIMPLE
796,ROBB/FIREARM/HWY STREET ALLEYS
797,OPERATING A VEHICLE WHILE UNDER THE INFLUENCE OF DRUGS
798,GAMBLING IN PUBLIC/CC
799,CRIME AGAINST NATURE
800,"SALE,DISTRIBUTION OR MAKING AVAILABLE TO MINORS PUBLICATIONS ENCOURAGING, ADVOCATING OR FACILITATING THE ILLEGAL USE OF CONTROLLED DANGEROUS SUBSTANCES"
801,FLEEING TO ELUDE POLICE OFFICER
802,BATTERY OF A DATING PARTNER - MINOR INJURY BURNING
803,SOLICITING FOR PROSTITUTES
804,OFFENSES AGAINST COMPUTER USERS
805,CURFEW VIOL/JUVENILE/CC
806,OBEDIENCE TO TRAFFIC-CONTROL DEVICES
807,PURCHASE AND PUBLIC POSSESSION OF ALCOHOLIC BEVERAGES BY PERSONS UNDER TWENTY-ONE
808,UNAUTHORIZED ENTRY OF A DWELLING DURAN AN EMERGENCY OR DISASTER.
809,FIREARM RECOVERY
810,ENTRY ON OR REMAINING IN PLACES/LAND AFTER FORB
811,UNLAWFUL SALE/PURCHASE TOBACCO UNDER 18; SIGNS
812,"WEARING OR POSSESSING BODY ARMOR, BY A STUDENT OR NON-STUDENT ON SCHOOL PROPERTY"
813,TEMPORARY TAG MISUSE
814,PUBLIC BRIBERY
815,CHILD ENDANGERMENT LAW
816,MISREPRESENTATION OF AGE TO OBTAIN ALCOHOLIC BEVERAGES
817,ILLEGALLY SUPPLYING A FELON WITH AMMUNITION.
818,FALSE STATEMENTS AND FALSE OR ALTERED DOCUMENTS; UNCLAIMED PROPERTY CLAIM
819,LETTING A DISORDERLY PLACE
820,"RITUALISTIC SEXUAL ABUSE OF CHILDREN OR OF ADULTS WITH PHYSICAL OR MENTAL DISABILITIES AS PART OF A CEREMONY, RITE, INITIATION, OBSERVANCE, PERFORMANCE, OR PRACTICE."
821,UNAUTHORIZED ENTRY OF A CRITICAL INFRASTRUCTURE
822,ONE-WAY STREETS AND ALLEYS
823,DISTURBING THE PEACE; INTERRUPTING LAWFUL ASSEMBLY
824,ILLEGALLY SUPPLYING A FELON WITH A FIREARM
825,IDENTIFICATION WITH NUMBER OR OTHER MARK; OBLITERATION OR ALTERATION OF NUMBER OR MARK
826,OBST OF HIGHWAY
827,AGG ASSAULT WITH A MOTOR VEH UPON A PEACE OFFICER
828,FAILURE TO YIELD TO EMERGENCY VEHICLES
829,POSSESSION OF A FIREARM BY A PERSON CONVICTED OF DOMESTIC ABUSE BATTERY
830,PERPETRATION OR ATTEMPTED PERPETRATION OF CRIMES AGAINST A VICTIM 65 YRS OF AGE OR OLDER
831,CRIMINAL DAMAGE TO A CRITICAL INFRASTRUCTURE
832,UNAUTHORIZED ENTRY UPON RAILROAD PROPERTY
833,TURNING MOVEMENTS AND REQUIRED SIGNALS
834,FALSE REPRESENTATION OF CONTROLLED DANGEROUS SUBSTANCE
835,RAPE AND SEXUAL BATTERY/ORAL
836,OBEDIENCE TO TRAFFIC CONTROL DEVICES
837,FAILURE TO REPORT ACCIDENT
838,EXPIRED MOTOR VEHICLE INSPECTION STICKER
839,AGGRAVATED ORAL SEXUAL BATTERY
840,"SEXUAL ABUSE OF AN ANIMAL - FILMING, DISTRIBUTING, OR POSSESSING IMAGES OF ABUSE"
841,FAIL TO STOP/YIELD @ STOP SIGN  -  149
842,INTIM WITNESS
843,OFF-ROAD VEHICLES PROHIBITED ON ROADWAY
844,HUMAN TRAFFICKING - HUMAN SEX CRIMES
845,TRAFFIC INCIDENT
846,HELMET REQUIRED
847,GOVERNMENT BENEFITS FRAUD
848,RAPE/SIMPLE (ORAL)
849,OBSTRUCTION OF JUSTICE - SIMPLE ASSAULT
850,"THEFT OVER $5,000"
851,INTERFERE W/OFFICER/CC
852,OTHER/UNLISTED STATUTE
853,SEXUAL BATTERY/ASSAULT WITH AN OBJECT
854,MISREPRESENTATION DURNG BOOKNG
855,BURG/S NON RES UNK FORCE
856,BURGLARY OF A RELIGIOUS BUILDING
857,KIDNAPPING/2ND DEGREE
858,DETERMINATION OF DRUG PARAPHERNALIA.
859,MINGLING HARMFUL SUBSTANCES
860,DESECRATION OF GRAVES
861,OBSTRUCTION OF AN INTERSECTION
862,VEHICLE ENTERING HIGHWAY FROM PRIVATE ROAD
863,AGGRAVATED CRIME AGAINST NATURE
864,BURG/S NON RES NIGHT FORCE
865,DRAG RACING W/O INJURY
866,DRIVER'S LICENSE; POSSESSION OF
867,PRINCIPAL
868,TURN SIGNALS REQUIRED
869,FALSE CERTIFICATES (MVI)
870,AGGRAVATED ASSAULT ON AN UTILITY SERVICE EMPLOYEE WITH A FIREARM
871,UNLAWFUL DISPOSAL OF REMAINS
872,MOTOR VEHICLE INSPECTION STICKER REQUIRED
873,UNAU ENTRY BUSINESS
874,POSSESSION OF UNIDENTIFIABLE FIREARM; PARTICULAR PENALTIES; IDENTIFICATION OF SOURCE OF FIREARM
875,LITTER FROM VEHICLE
876,UNLAWFUL PURCHASE OF ALCOHOLIC BEVERAGES BY PERSONS ON BEHALF OF PERSONS UNDER 21
877,FALSE STATEMENTS; UNCLAIMED PROPERTY CLAIM
878,UNAUTHORIZED USE OF WIFI - JUVENILE PORNOGRAPHY
879,OFF-ROAD VEHICLES ON ROADWAY
880,IMPROPER RIGHT AND LEFT TURNS
881,STOP LAMPS REQUIRED
882,THEFT OR CRIMINAL ACCESS OF AN ATM
883,ENCOUR/CONTRIB TO CHILD DELINQUENCY/DEPEND/NEG
884,GAMBLING
885,"CONTRABAND DEFINED, TAKING TO AND FROM PENAL INSTITUTIONS"
886,IMPERSONATING POL OFF/CC
887,RAPE/AGG (VAGINAL)
888,CREDIT CARD FRAUD
889,FALSE INSPECTION STICKER
890,ASSAULT ON EMERGENCY MEDICAL OR HEALTHCARE PROFESSIONAL
891,TAMPERING WITH ELECTRONIC MONITORING EQUIPMENT.
892,PROHIBITED SEXUAL CONDUCT BETWEEN AN EDUCATOR AND STUDENT.
893,FALSE OR ALTERED LOTTERY TICKETS
894,"SUSPENSION, REVOCATION, RENEWAL, AND CANCELLATION OF LICENSES"
895,HEADLAMPS ON MOTOR VEHICLES
896,DEFAMATION
897,FORGERY OF A CERTIFICATE OF INSURANCE IDENTIFICATION CARD.
898,DIST/MANF SCH 2 DRUG
899,BURG/S NON RES DAY FORCE
900,FAIL REPORT ACCIDENT
901,"PROHIBITED ACTS --SCHEDULE II,PENALTIES"
902,FIRE PREVENTION INTERFERENCE
903,VEHICLE TURNING LEFT AT INTERSECTION
904,BURG/S NON RES UNK NO FORCE
905,THEFT/THEFT FROM A MACHINE OR DEVICE
906,OBSTRUCTION OF JUSTICE - INTIMIDATION OR THREATS
907,RAPE/SIMPLE (ANAL)
908,OPERATING WHILE INTOXICATED; FOURTH OFFENSE
909,SIMPLE ARSON OF RELIGIOUS BUILDING
910,OBTAINING CDS BY FRAUD
911,"TAMPERING WITH BARRICADES, SIGNS AND SIGNALS PLACED BY LAW ENFORCEMENT OFFICERS"
912,INJURING OR KILLING OF A POLICE ANIMAL
913,FAIL TO REPORT COMMISSION OF CERTAIN FELONIES
914,OBSTRUCTION OF JUSTICE - COUNTERFEITING OR FORGERY
915,"RETALIATION BY A MINOR AGAINST A PARENT, LEGAL CUSTODIAN, WITNESS OR COMPLAINANT"
916,HUMAN TRAFFICKING-HUMAN SEX CRIMES
917,SMOKING PROHIBITED
918,FAILURE TO LEAVE PREMISES
919,THEFT $50-$200 SHOPLIFTING
920,ASSAULT/AGG DOMESTIC ABUSE
921,STOP LAMPS AND TURN SIGNALS REQUIRED ON NEW MOTOR VEHICLES
922,PRINCIPAL(CODE MODIFIER)
923,UNDERAGE DRIVING UNDER THE INFLUENCE
924,MANUFACTURE AND POSSESSION OF A BOMB
925,PANDERING
926,DOMESTIC ABUSE AGGRAVATED BATTERY - PREGNANT VICTIM
927,SOLICITATION FROM ROADWAY PROHIBITED
928,SPEEDING IN SCHOOL ZONE
929,NO PASSING ZONES
930,ONLINE IMPERSONATION - THREATS OR INTIMIDATION
931,ILLEGAL CARRYING OF A FIREARM USED IN THE COMMISSION OF A CRIME OF VIOLENCE
932,DOMESTIC ABUSE BATTERY � BURNING
933,ILLEGAL USE OF CONTROLLED DANGEROUG SUBSTANCES IN THE PRESENCE OF PERSON UNDER SEVENTEEN YEARS OF AGE
934,BATT/DOM ABUSE STRANGULATION/FELONY
935,"TERRORISM - AGGRAVATED ARSON UPON ANY STRICTURE, WATERCRAFT, OR MOVABLE"
936,POSS F/ARM/BREC PARK/CC
937,BATTERY OF A CORRECTIONAL FACILITY EMPLOYEE
938,POSSESSION OF ALCOHOLIC BEVERAGES AT BREC PARKS AND FACILITIES PROHIBITED
939,YIELD TO EMERGENCY VEHICLES
940,CARELESS OPERATION
941,ASSAULT/AGG ODW
942,UNAUTHORIZED ACCESS TO RAILROAD PROPERTY
943,THEFT OF ASSETS FROM AGED / DISABLED PERSON
944,OPERATING WHILE INTOXICATED 3RD OFFENSE
945,ADOPTION DECEPTION
946,BATT/DATING PARTNER- CHILD ENDANGERMENT
947,FALSE COMMUNICATIONS WITH EMERGENCY RESPONSE
948,RETALIATION BY A MINOR AGAINST A PARENT
949,FILING FASLE PUBLIC RECORDS
950,DISTRIBUTION OR POSSESSION WITH INTENT TO DISTRIBUTE NARCOTIC DRUGS LISTED IN SCHEDULE I
951,VIOLATIONS OF CONTROLLED DANGEROUS SUBSTATNCES
952,MISREPRESENTATION DURING ISSUANCE OF A MISDEMEANOR SUMMONS OR PREPARATION OF A JUVENILE CUSTODIAL AGREEMENT
953,THEFT UNDER $50 ALL OTHERS
954,ILL POSS STLN THINGS
955,MISREP DUR BOOKING/CC
956,BURG/S RES NIGHT FORCE
957,UNAU ENTRY INHAB DWELLING
958,LETTING DISORD PLACE/CC
959,REGISTRATION CERTIFICATES
960,HEARING TO DETERMINE IF A DOG IS DANGEROUS OR VICIOUS.
961,UNAUTHORIZED ENTRY OF A PLACE OFBUS.
962,SEXTING
963,NOTIFICATION OF SEX OFFENDERS & CHILD PREDITORS
964,HOUSE/HOUSE PEDDLING
965,ROBBERY/2ND DEGREE
966,POSS OF FIREARM W/ DRUGS
967,IMPEDE MOVEMENT OF TRAFFIC
968,HOME IMPROVEMENT FRAUD
969,ACCESSORIES AFTER THE FACT
970,ONE-WAY ROADWAYS AND ROTARY TRAFFIC ISLANDS
971,2 TAIL LAMPS REQUIRED
972,DRIV LEFT OF CENTER
973,OBST JUSTICE
974,MANUFACTURING OR POSSESSION WITH INTENT TO DISTRIBUTE FALSE OR FRAUDULENT IDENTIFICATION
975,FALSE SWEARING FOR PURPOSE OF VIOLATING PUBLIC HEALTH OR SAFETY
976,FORGERY OF A CERTIFICATE OF INSURANCE IDENTIFICATION CARD
977,AILURE TO REGISTER VEHICLE
978,CONTRACTORS MISAPPLIC PAY
979,DRIVING ON DIVIDED HIGHWAY
980,BATTERY OF A BUS OPERATOR; PUBLIC TRANSIT
981,UNLAWFULLY SUPPLYING ANY PRODUCT FOR THE PURPOSE OF FALSIFYING A SCREENING TEST
982,CRIMINAL NEGLECT OF FAMILY
983,JUVENILE RUNAWAYS
984,DOMESTIC ABUSE AGGRAVATED BATTERY-CHILD ENDANGERMENT
985,SWITCHED LICENSE PLATE  - CT
986,SPEEDING; SCHOOL ZONE
987,DRIVING BELOW MINIMUM SPEED POSTED
988,ASSAULT/SIMPLE
989,HEADLAMPS REQ AT NIGHT AND INCLEMENT WETHER
990,BATT/AGG KNIFE
991,TRESPASS ON SCHOOL GROUNDS
992,RENEWAL OF REGISTRATION BY OFFENDERS
993,DRUG PARA PROH/CC
994,DRIVER'S LICENSE; MOTORCYCLE ENDORSEMENT REQUIRED
995,BUSINESS LICENSE REQUIRED
996,UNSECURED LOAD/CC
997,OBSTRUCTION OF FIRE PREVENTION
998,SPECIAL RESTRICTIONS ON LAMPS
999,SOLICITING FOR PROSTITUTION/CC
1000,UNLAWFUL REFUSAL TO SUBMIT TO CHEMICAL TESTS
1001,DIST/PEACE/INTOXICATION
1002,MOTORCYCLE ENDORSEMENT REQUIRED
1003,SIMPLE BURGLARY/VEHICLE
1004,SECOND HAND DEALER PERMIT REQUIRED
1005,"UNLAWFUL PRODUCTION, MANUFACTURING, DISTRIBUTIONOR POSSESSION OF FRAUDULENT DOCUMENTS FOR IDENTIFICATION PURPOSES."
1006,MIRRORS REQ ON VEH
1007,DRIVING THROUGH FUNERAL OR OTHER PROCESSION
1008,EXPIRED DRIVERS LICENSE
1009,LIMITATIONS ON BACKING
1010,CRIMINAL MISCHIEF - SHOOTING AT TRAINS
1011,DAILY REPORT OF ENTRIES
1012,CRIME AGAINST NATURE BY SOLICITATION
1013,RESISTING AN OFFICER - AGGRAVATED ASSAULT
1014,DRIV LEFT OF CENTER/CC
1015,EXPIRED MOTOR VEHICLE INSPECTION
1016,MORTGAGE FRAUD
1017,POSS/MANUFAC OF BOMB
1018,RECORD OF SECOND-HAND GOODS OR OBJECTS PURCHASED REQUIRED
1019,"INTERCEPTION AND DISCLOSURE OF WIRE, ELECTRONIC, OR ORAL COMMUNICATIONS"
1020,BATTERY OF A SCHOOL ATHLETIC CONTESTOFFICIAL
1021,USE OF FLASHING RED AND BLUE LIGHTS RESTRICTED
1022,INSURANCE FRAUD-AUTO POLICIES
1023,DETERMINATION OF DRUG PARAPHENALIA
1024,BRAKE EQUIPMENT REQUIRED
1025,CRIMINAL HAZING - SERIOUS INJURY OR DEATH
1026,RESISTING A OFFICER  FORCE OR VIOLENCE
1027,OBTAINING LEGEND DRUGS BY MISREPRESENTATION OR FRAUD
1028,D/P BY S/DRUNK
1029,ARMED ROBBERY/FIREARM RESIDENCE
1030,OBSTRUCTION OF JUSTICE - INTIMIDATION / THREATS
1031,VIOLATIONS OF CONTROLLED DANGEROUS
1032,OBSTRUCTION HWY/SIMPLE/CC
1033,ILL POSTING/CC
1034,ROBB/FIREARM MISCELLANEOUS
1035,"OBSTRUCTION OF INTERFERENCE WITH MEMBERS OF STAFF, FACULTY, OR STUDENTS OF EDUCATIONAL INSTITUTIONS; TRESPASS, DAMAGE TO PROPERTY"
1036,PROHIBITED ACTS; ALL SCHEDULES
1037,FALSE STATEMENTS IN AFFIDAVIT AS PERJURY
1038,PARKING FOR MOBILITY-IMPAIRED PERSONS
1039,"INTERSECTION - STOPPING, STANDING OR PARKING PROHIBITED"
1040,FAILURE TO REGISTER AS A SEX OFFENDER
1041,"UNLAWFUL PRODUCTION, MANUFACTURING, DISTRIBUTION OR POSSESSION OF FRAUDULENT DOCUMENTS FOR IDENTIFICATION PURPOSES."
1042,HANDICAPPED PARKING
1043,INCITING PROSTITUTION
1044,UNATTENDED MOTOR VEHICLES
1045,UNLAWFUL PRESENCE OF A SEXUAL VIOLENT PREDATOR
1046,ARSON SIMPLE
1047,PERJURY
1048,CRIMINAL BLIGHTING OF PROPERTY
1049,MISDEMEANOR THEFT OF GOODS
1050,DRAG RACING W/ INJURY OR DEATH
1051,PEDESTRIANS ON HIGHWAYS OR INTERSTATE
1052,FAIL/YIELD INTERSECTION/CC
1053,TRUANCY; GUARDIAN DUTY
1054,BURG/AGG RES NIGHT FORCE
1055,TRANSACTIONS INVOLVING PROCEEDS FROM DRUG OFFENSES
1056,GAMBLING IN PUBLIC
1057,FAILIURE TO REPORT ACCIDENT
1058,KEEPING DISORD PLACE/CC
1059,UNAUTH ENTRY UPON RAILROAD PROPERTY
1060,NEGLIGENT INJURING/CC
1061,MODIFIED EXHAUST
1062,CRIMINAL NEGLIGENCE
1063,UNAUTHORIZED REMOVAL OF SHOPPING CART
1064,POSS OF FIREWORKS
1065,PROSTITUTION/CC
1066,THEFT UU ACCESS CARD OVER $200
1067,VEHICLE APPROACHING OR ENTERING INTERSECTION
1068,BATTERY OF A BUS OPERATOR
1069,"DISPLAY OF PATENTLY OBSCENE WORDS, PHOTOGRAPHS, AND DEPICTION"
1070,ONE WAY ROADWAYS/CC
1071,FAILURE TO DIM HEADLIGHTS
1072,(ATTEMPTED) MANSLAUGHTER
1073,3RD OFFENSE OPERATING WHILE INTOXICATED
1074,DRIVING UPON SIDEWALK
1075,REQUIRED POSITION AND METHOD OF TURNING AT INTERSECTIONS
1076,FIRE-RAISING ON LANDS OF ANOTHER BY CRIMINAL NEGLIGENCE
1077,TRUANCY BY SCHOOL AGE CHILD
1078,TRAFFIC LAWS APPLY TO PERSONS ON BICYCLES
1079,DOMESTIC ABUSE AGGRAVATED BATTERY-STRANGULATION
1080,ILLEGAL USE OF CONTROLLED SUBSTANCES IN THE PRESENCE OF MINORS
1081,STOPPING/STANDING/PARKING PROHIBITED
1082,OBSTRUCTION OF JUSTICE - VANDALISM OR DESTRUCTION
1083,TATTOOING MINORS
1084,SELF-MUTILATION BY A PRISONER
1085,"DISTRIBUTION OF SCHEDULE II, FENTANYL"
1086,UNDERAGE OPERATING WHILE INTOXICATED
1087,UNAUTHORIZED REMOVAL OF SHOPPING CART OR BASKETS
1088,UNLAWFUL PURCHASE OF ALCOHOLIC BEVERAGES BY PERSONS ON BEHALF OF PERSONS UNDER TWENTY-ONE
1089,PUBLIC SALARY DEDUCTION
1090,"VIOLATION OF WINE, BEER, AND LIQUOR ORDINANCE"
1091,TRAFFIC LAWS APPLY TO PERSONS RIDING BICYCLES
1092,"MANUFACTURE, DISTRIBUTION OR POSSESSION WITH INTENT TO DISTRIBUTE (PWID) SCHEDULE III"
1093,"MANUFACTURE, DISTRIBUTION OR POSS WITH INTENT TO DISTRIBUTE (PWID) SCHEDULE V"
1094,FALSE SWEARING FOR PURPOSE OF VIOLATING
1095,"STOPPING, STANDING OR PARKING PROHIBITED"
1096,INTERFERENCE WITH MEDICAL TREATMENT
1097,DUMPING OF CONCRETE AND/OR CEMENT DERIVATIVES
1098,PICTURE IDENTIFICATION REQUIRED FOR ENTRANCE TO LICENSED ALCOHOLIC BEVERAGE OUTLET
1099,AIDING AND ABETTING OTHERS TO ENTER OR REMAIN ON PREMISES WHERE FORBIDDEN
1100,RESISTING AN OFFICER/SIMPLE ASSAULT
1101,COMPUTER AIDED SOLITICITATION OF MINOR
1102,YIELD/PASSING EMERGENCY VEHICLE
1103,SELF MUTILIATION BY A PRISONER
1104,MEDICAID FRAUD
1105,BURG/SIMP RES NIGHT NO FORCE
1106,PREVENTION OF YOUTH ACCESS TO TOBACCO
1107,PROHIB TURNS
1108,AGGRAVATED ASSAULT WITH A MOTOR VEHICLE UPON A PEACE OFFICER
1109,PENALTY FOR DISTRIBUTION OR POSSESSION WITH INTENT TO DISTRITUBE NARCOTIC DRUGS LISTED IN SCHEDULE I; POSSESSION OF MARIJUANA
1110,PICTURED IDENTIFICATION REQUIRED FOR PURCHASE OF ALCOHOLIC BEVERAGES
1111,DISCHARGE FIREARMS/CC
1112,REGULATION AND INSPECTIONS FOR PEDICABS
1113,UNLAWFUL CONSUMPTION OF ALC BY PERSON UNDER 21
1114,SMOKING IN MOTOR VEHICLES PROHIBITED
1115,OFF-ROAD VEHICLES; UTILITY TERRAIN VEHICLES
1116,VEHICULAR HOMICIDE - DWI
1117,HORNS AND WARNING DEVICES
1118,MIRRORS
1119,RIDING ON MOTORCYCLES
1120,FAILURE TO YIELD AFTER STOP
1121,OBEDIENCE TO/REQUIRED TRAFFIC-CONTROL DEVICES
1122,SPEEDING MAXIMUM LIMIT 55/65 MPH ZONE
1123,UNLAWFUL USE OF CELLPHONE TRACKING DEVICE
1124,SIMPLE BATTERY (BCO)
1125,ONE WAY STREET
1126,BARRICADES/CC
1127,FRAUDULENT USE OF AN IDENTIFICATION CARD
1128,BURG/SIMP RES DAY NO FORCE
1129,SPEEDING; GENERAL LAW
1130,WHEN OVERTAKING ON THE RIGHT IS PERMITTED
1131,NOISES INTERFERING WITH ENJOYMENT OF... PUBLIC PEACE
1132,UNLAWFUL CONSUMPTION OF ALCOHOL BY PERSON UNDER TWNETY-ONE
1133,POSS SCH 4 DRUGS
1134,VEHICLE TURNING LEFT
1135,RECKLESS DISCHARGE OF A FIREARM AT A PARADE OR DEMONSTRATION
1136,ANIMALS PROHIBITED AT FESTIVALS
1137,SECOND DEGREE RAPE - ANAL
1138,LICENSE PLATE; CANCELED
1139,"PEDESTRIANS SOLICITING RIDES, BUSINESS, EMPLOYMENT OR CONTRIBUTIONS OF A CHARITABLE NATURE"
1140,"WEARING OR POSSESSING BODY ARMOR, BY A STUDENT OR NON-STUDENT ON SCHOOL PROPERTY."
1141,DRIVING ON RIGHT SIDE OF ROAD
1142,UNLAWFUL OWNERSHIP OF A VICIOUS DOG
1143,THEFT UU ACCESS CARD UNDER $50
1144,COMMITING CRIMES OF VIOLENCE AGAINST A VICTIM 65 YEARS OF AGE OR OLDER
1145,MISDEMEANOR SEXUAL BATTERY/ASSAULT WITH AN OBJECT
1146,WIRE-TAPPING PROHIBITED
1147,THEFT-SHOPLIFTING-OVER $200
1148,"BARRICADES, SIGNS, AND SIGNALS; PROHIBITION AGAINST TAMPERING WITH"
1149,RESISTING ARREST AND INTERFERENCE WITH OFFICERS
1150,ENTRY ON OR REMAINING ON SITE OF A SCHOOL OR RECREATIONAL ATHLETIC CONTEST AFTER BEING FORBIDDEN
1151,DOMESTIC ABUSE BATTERY CHILD ENDANGER/MISD
1152,DOMESTIC ABUSE BATTERY - DANGEROUS WEAPON/SERIOUS BODILY INJURY
1153,ILLEGAL CARRYING OF WEAPONS WITH DRUGS
1154,DWI; 1ST OFFENSE
1155,SAFETY BELT VIOLATION  -  25
1156,DEFACING BUILDINGS/CC
1157,BIGAMY
1158,POSSESSION OF FIREARM ON PREMISES OF ALCOHOLIC BEVERAGES
1159,DRIVING ON DIVIDED HIGHWAYS
1160,SPEEDING/SCHOOL ZONE/CC
1161,PROMOTING PROSTITUTION
1162,POSS  MARIJUANA
1163,ROLLING VENDOR LICENSE REQUIRED
1164,CRIMINAL TRESSPASSING
1165,"BARRICADES, SIGNS, AND SIGNALS PLACED BY LAW ENFORCEMENT; PROHIBITIONS AGAINST TAMPERING WITH"
1166,DISTURBING THE PEACE - UNLAWFUL ASSEMBLY
1167,CAMPING IN A PUBLIC AREA PROHIBITED
1168,PEDESTRIANS SOLICITING RIDES OR BUSINESS
1169,THEFT OF GOODS
1170,TEXT MESSAGING PROHIBITED
1171,DOMESTIC ABUSE BATTERY � BURNING WITH SERIOUS BODILY INJURY
1172,MOTORCYCLE; HELMET REQUIRED
1173,COMMAND TO DISPERSE; FAILURE TO COMPLY
1174,"BURNING TRASH, WEEDS, FIELDS, ETC (PARISH)"
1175,PARKING OF SEMI TRAILER PROHIBITED
1176,DRIVING ON RIGHT SIDE OF ROADWAY; EXCEPTIONS
1177,FLIGHT FROM OFFICER
1178,POSS SCH 2 DRUGS
